<?xml version="1.0" encoding="UTF-8"?>
<!--
  ~ Copyright (C) 2012 United States Government as represented by the Administrator of the
  ~ National Aeronautics and Space Administration.
  ~ All Rights Reserved.
  -->

<!--$Id: USDANAIPUSGSWMSImageLayer.xml 1171 2013-02-11 21:45:02Z dcollins $-->
<!--DEPRECATED - this service has been decommissioned by the USGS; use USGSNAIPPlusLayer.xml as an alternative. -->

<Layer version="1" layerType="TiledImageLayer">
    <DisplayName>USDA NAIP USGS</DisplayName>
    <Service serviceName="OGC:WMS" version="1.3">
        <GetCapabilitiesURL>https://raster.nationalmap.gov/arcgis/services/Orthoimagery/USGS_EROS_Ortho_NAIP_SCALE/ImageServer/WMSServer?</GetCapabilitiesURL>
        <GetMapURL>https://raster.nationalmap.gov/arcgis/services/Orthoimagery/USGS_EROS_Ortho_NAIP_SCALE/ImageServer/WMSServer?</GetMapURL>
        <LayerNames>0</LayerNames>
    </Service>
    <!-- day month year hours:minutes:seconds timezone -->
    <LastUpdate>01 09 2010 00:00:00 GMT</LastUpdate>
    <DataCacheName>Earth/USDA NAIP USGS</DataCacheName>
    <ImageFormat>image/png</ImageFormat>
    <AvailableImageFormats>
        <ImageFormat>image/png</ImageFormat>
    </AvailableImageFormats>
    <FormatSuffix>.png</FormatSuffix>
    <NumLevels count="15" numEmpty="0"/>
    <TileOrigin>
        <LatLon units="degrees" latitude="-90" longitude="-180"/>
    </TileOrigin>
    <LevelZeroTileDelta>
        <LatLon units="degrees" latitude="36" longitude="36"/>
    </LevelZeroTileDelta>
    <TileSize>
        <Dimension width="512" height="512"/>
    </TileSize>
    <Sector>
        <SouthWest>
            <LatLon units="degrees" latitude="24.0" longitude="-125.0"/>
        </SouthWest>
        <NorthEast>
            <LatLon units="degrees" latitude="50.0" longitude="-66.0"/>
        </NorthEast>
    </Sector>
    <UseTransparentTextures>true</UseTransparentTextures>
    <ScreenCredit creditType="ScreenImage">
        <FileName>images/usda_logo-32x32.png</FileName>
        <Link>http://isse.cr.usgs.gov/</Link>
    </ScreenCredit>
    <RetrievalTimeouts>
        <ReadTimeout>
            <Time units="milliseconds" value="30000"/>
        </ReadTimeout>
    </RetrievalTimeouts>
</Layer>