<?xml version="1.0" encoding="UTF-8" standalone="no"?>

<!--
  ~ Copyright (C) 2016 United States Government as represented by the Administrator of the
  ~ National Aeronautics and Space Administration.
  ~ All Rights Reserved.
  -->
<Layer layerType="TiledImageLayer" version="1">
    <DisplayName>USGS NAIP Plus</DisplayName>
    <DataCacheName>Earth/USGS NAIP Plus</DataCacheName>
    <Service serviceName="OGC:WMS" version="1.3.0">
        <LayerNames>1,5,9,13,17,21,25</LayerNames>
        <StyleNames>default,default,default,default,default,default,default</StyleNames>
        <GetMapURL>
            https://services.nationalmap.gov/arcgis/services/USGSNAIPPlus/MapServer/WmsServer
        </GetMapURL>
        <GetCapabilitiesURL>
            https://services.nationalmap.gov/arcgis/services/USGSNAIPPlus/MapServer/WmsServer
        </GetCapabilitiesURL>
    </Service>
    <FormatSuffix>.dds</FormatSuffix>
    <NumLevels count="16" numEmpty="0"/>
    <Sector>
        <SouthWest>
            <LatLon latitude="-85.050963" longitude="-179.998075" units="degrees"/>
        </SouthWest>
        <NorthEast>
            <LatLon latitude="85.050963" longitude="179.998075" units="degrees"/>
        </NorthEast>
    </Sector>
    <TileOrigin>
        <LatLon latitude="-90.0" longitude="-180.0" units="degrees"/>
    </TileOrigin>
    <TileSize>
        <Dimension height="512" width="512"/>
    </TileSize>
    <LevelZeroTileDelta>
        <LatLon latitude="36.0" longitude="36.0" units="degrees"/>
    </LevelZeroTileDelta>
    <ImageFormat>image/png</ImageFormat>
    <UseTransparentTextures>true</UseTransparentTextures>
    <RetrievalTimeouts>
        <ReadTimeout>
            <Time units="milliseconds" value="20000"/>
        </ReadTimeout>
    </RetrievalTimeouts>
    <ScreenCredit creditType="ScreenImage">
        <FileName>images/usda_logo-32x32.png</FileName>
        <Link>https://www.fsa.usda.gov/FSA</Link>
    </ScreenCredit>
</Layer>