<?xml version="1.0" encoding="UTF-8" standalone="no"?>

<!--
  ~ Copyright (C) 2016 United States Government as represented by the Administrator of the
  ~ National Aeronautics and Space Administration.
  ~ All Rights Reserved.
  -->

<Layer layerType="TiledImageLayer" version="1">
    <DisplayName>USGS Topo Base Map Large Scale</DisplayName>
    <DataCacheName>Earth\USGS Topo Base Map Large Scale</DataCacheName>
    <Service serviceName="OGC:WMS" version="1.3.0">
        <!--3: Elevation (Relief)-->
        <!--7: Area: Stream, Canal, Ocean and Miscellaneous Feature-->
        <!--8: Lake, Reservoir and Swamp Areal Feature-->
        <!--10: Woodland-->
        <!--11: Native American Land-->
        <!--12: Federal Boundary-->
        <!--14: Contour Line - 10 foot-->
        <!--15: Contour Label - 10 foot-->
        <!--17: Area: Stream, Canal, Ocean and Miscellaneous Feature-->
        <!--18: Lake, Reservoir and Swamp Areal Feature-->
        <!--19: Miscellaneous Water Line Feature-->
        <!--20: Line: Stream, Canal, Pipeline and Shoreline Line Feature-->
        <!--21: Water Point Feature-->
        <!--23: State-->
        <!--24: Incorporated Place (Cities and Towns)-->
        <!--25: Federal Land-->
        <!--26: County-->
        <!--27: National Forest-->
        <!--28: Native American Land-->
        <!--29: International Boundary-->
        <!--31: Trails-->
        <!--32: Road Segment-->
        <!--33: Railroad-->
        <!--34: State Route-->
        <!--35: US Route-->
        <!--36: Interstate shield 2-->
        <!--37: Interstate-->
        <!--39: Airport Runway-->
        <!--40: Airport-->
        <!--41: Structure-->
        <!--43: Populated Place (Cities/Towns) Name-->
        <!--44: Locale Name-->
        <!--45: Hydrography Feature Name-->
        <!--46: Culture Name-->
        <!--47: Landform Name-->
        <LayerNames>
            3,7,8,10,11,12,14,15,17,18,19,20,21,23,24,25,26,27,28,29,31,32,33,34,35,36,37,38,39,40,41,43,44,45,46,47
        </LayerNames>
        <StyleNames>
            default,default,default,default,default,default,default,default,default,default,default,default,default,default,default,default,default,default,default,default,default,default,default,default,default,default,default,default,default,default,default,default,default,default,default,default
        </StyleNames>
        <GetMapURL>https://services.nationalmap.gov/arcgis/services/USGSTopoLarge/MapServer/WmsServer?</GetMapURL>
        <GetCapabilitiesURL>
            https://services.nationalmap.gov/arcgis/services/USGSTopoLarge/MapServer/WmsServer?
        </GetCapabilitiesURL>
    </Service>
    <FormatSuffix>.dds</FormatSuffix>
    <NumLevels count="15" numEmpty="11"/>
    <Sector>
        <SouthWest>
            <LatLon latitude="-89.0" longitude="-179.999996" units="degrees"/>
        </SouthWest>
        <NorthEast>
            <LatLon latitude="89.0" longitude="179.999996" units="degrees"/>
        </NorthEast>
    </Sector>
    <TileOrigin>
        <LatLon latitude="-90.0" longitude="-180.0" units="degrees"/>
    </TileOrigin>
    <TileSize>
        <Dimension height="512" width="512"/>
    </TileSize>
    <LevelZeroTileDelta>
        <LatLon latitude="36.0" longitude="36.0" units="degrees"/>
    </LevelZeroTileDelta>
    <ImageFormat>image/jpeg</ImageFormat>
    <UseTransparentTextures>true</UseTransparentTextures>
    <RetrievalTimeouts>
        <ReadTimeout>
            <Time units="milliseconds" value="20000"/>
        </ReadTimeout>
    </RetrievalTimeouts>
</Layer>

